{"count":5,"results":[{"id":1,"type":"standard","location":"33afb35be9351e99c10597adb3a739ea/cropped-logo-eia-blanco-1.webp","challenge_id":null,"page_id":null},{"id":2,"type":"standard","location":"9159970b1d030c06eedbcf34eed2d88d/11066138.png","challenge_id":null,"page_id":null},{"id":3,"type":"page","location":"5ba09a554306de6901f064aedba1bcd6/cropped-logo-eia-blanco-1.webp","challenge_id":null,"page_id":null},{"id":4,"type":"standard","location":"38e75afbac6a86cdb607228b33f70c4a/output-onlinepngtools.png","challenge_id":null,"page_id":null},{"id":5,"type":"standard","location":"99ffdc9717dc7eb878cdec6d743c90f3/output-onlinepngtools.png","challenge_id":null,"page_id":null}],"meta":{}}