{"count":8,"results":[{"id":1,"type":"standard","location":"33afb35be9351e99c10597adb3a739ea/cropped-logo-eia-blanco-1.webp","challenge_id":null,"page_id":null},{"id":2,"type":"standard","location":"9159970b1d030c06eedbcf34eed2d88d/11066138.png","challenge_id":null,"page_id":null},{"id":4,"type":"standard","location":"38e75afbac6a86cdb607228b33f70c4a/output-onlinepngtools.png","challenge_id":null,"page_id":null},{"id":5,"type":"standard","location":"99ffdc9717dc7eb878cdec6d743c90f3/output-onlinepngtools.png","challenge_id":null,"page_id":null},{"id":6,"type":"standard","location":"75d05ce94105a7d896da408c387cf579/output-onlinepngtools.png","challenge_id":null,"page_id":null},{"id":7,"type":"standard","location":"537a54a3e8d2625cbab79bcb02c1bbf5/cropped-logo-eia-blanco-1.webp","challenge_id":null,"page_id":null},{"id":8,"type":"standard","location":"35512a5e8d42586b0f295e8bb2f26619/output-onlinepngtools.png","challenge_id":null,"page_id":null},{"id":9,"type":"page","location":"0424a23050c5a5ac2c016d274449656c/cropped-logo-eia-blanco-1.webp","challenge_id":null,"page_id":null}],"meta":{}}