{"count":2,"results":[{"id":1,"title":"Welcome!","route":"index","content":"<div class=\"row\">\r\n    <div class=\"col-md-6 offset-md-3\">\r\n        <img class=\"w-100 mx-auto d-block\" style=\"max-width: 500px;padding: 50px;padding-top: 14vh;\" src=\"/files/0424a23050c5a5ac2c016d274449656c/cropped-logo-eia-blanco-1.webp\" />\r\n        <h3 class=\"text-center\">\r\n            <p>Follow us on social media:</p>\r\n        </h3>\r\n        <br>\r\n    </div>\r\n</div>","draft":0,"hidden":0,"auth_required":0,"format":"markdown"},{"id":2,"title":"Rules","route":"rules","content":"# Hello","draft":0,"hidden":0,"auth_required":0,"format":"markdown"}],"meta":{}}