{"count":3,"results":[{"id":1,"title":"Welcome!","route":"index","content":"<div class=\"row\">\r\n    <div class=\"col-md-6 offset-md-3\">\r\n        <img class=\"w-100 mx-auto d-block\" style=\"max-width: 500px;padding: 50px;padding-top: 14vh;\" src=\"/themes/pixo-EIA/static/img/logo.webp\" />\r\n        <h3 class=\"text-center\">\r\n            <p>CTF assembled with love by cybersecurity seminary participants :D</p>\r\n            <p>Follow us on social media:</p>\r\n            <a href=\"https://twitter.com/UniversidadEIA\"><i class=\"fab fa-twitter fa-2x\" aria-hidden=\"true\"></i></a>&nbsp;\r\n            <a href=\"https://web.facebook.com/UniversidadEIA/\"><i class=\"fab fa-facebook fa-2x\" aria-hidden=\"true\"></i></a>&nbsp;\r\n            <a href=\"https://github.com/EIA-University\"><i class=\"fab fa-github fa-2x\" aria-hidden=\"true\"></i></a>\r\n        </h3>\r\n        <br>\r\n    </div>\r\n</div>","draft":0,"hidden":0,"auth_required":0,"format":"html"},{"id":2,"title":"Rules","route":"rules","content":"<br>\r\n<h2>Rules</h2>\r\n<p>We don't want to have to enforce restrictions on you, but there are a few things we would like to politely ask you not to do:</p>\r\n<ol>\r\n   <li>Please do not attack the competition infrastructure or other players. The challenges are your targets. That's it.</li>\r\n   <li>You do not need to use automated scanners like <code>sqlmap</code>, <code>DirBuster</code>, <code>nmap</code>, <code>Metasploit</code>, <code>nikto</code>, or others. Please do not use them against the challenges.</li>\r\n   <li>Please do not brute-force flags.</li>\r\n   <li>Please do not share flags with other players, or explicitly and deliberately cheat.</li>\r\n   <li><strong>Please do not blatantly ask for hints.</strong> The proper way to ask for help is to explain what you have tried and showcase (in a direct message) what errors or output you may have.</li>\r\n</ol>\r\n<h2><strong>Flag Format</strong></h2>\r\n<p>Flags for this competition will follow the format: <strong><code>UEIA\\{[0-9a-zA-Z\\-_@]{32}\\}</code></strong>. That means a <code>UEIA{}</code> wrapper with what looks like a phrase inside the curly braces. If you look closely, you can even find a flag on this page!</p>\r\n\r\n\r\n<!-- Thanks fort read the rules, here is you flag: UEIA{P3n3tr@t10nT3st1ngExp3rt_4t_F_48} -->\r\n","draft":0,"hidden":0,"auth_required":0,"format":"html"},{"id":3,"title":"About","route":"about","content":"<br>\r\n<div>\r\n   <h2>What is a CTF?</h2>\r\n   <p>A CTF is a competition where teams of hackers compete to solve challenges in categories such as web exploitation, reverse engineering, cryptography, and more.</p>\r\n   <p>CTFs are a great way to learn new skills and meet new people. TUCTF is beginner friendly, so don't be afraid to join!</p>\r\n</div>\r\n<br>\r\n<div>\r\n   <h2>How do I play?</h2>\r\n   <p>Register for the competition on our CTFd instance.</p>\r\n   <p>Once the competition starts, you will be able to view the challenges and submit flags to earn points.</p>\r\n</div>\r\n","draft":0,"hidden":0,"auth_required":0,"format":"html"}],"meta":{}}