{"count":2,"results":[{"id":1,"oauth_id":null,"name":"juan.velasquez17","password":"$bcrypt-sha256$v=2,t=2b,r=12$ybue07EKWtmkPVHoFdA.pu$EYAQ/kmlcbKkRd6hgb0mqx3PNW8j/FW","email":"juan.velasquez17@eia.edu.co","type":"admin","secret":null,"website":null,"affiliation":null,"country":null,"bracket":null,"hidden":1,"banned":0,"verified":0,"team_id":null,"created":"2023-11-08T06:01:47.703273","language":null},{"id":2,"oauth_id":null,"name":"JuanMusic1","password":"$bcrypt-sha256$v=2,t=2b,r=12$1050ljKXuqMTya2/uy0ua.$dXI9OOyrSVyq3Hso22LuB7r3.F5EekS","email":"jsvelsaa@hotmail.com","type":"user","secret":null,"website":null,"affiliation":null,"country":null,"bracket":null,"hidden":0,"banned":0,"verified":1,"team_id":null,"created":"2023-11-24T01:14:13.151690","language":null}],"meta":{}}